Co1,Cu1,Fe1,Mn1,Ni1,Co2,Cu2,Fe2,Mn2,Ni2,Co3,Cu3,Fe3,Mn3,Ni3,E_Ads
1,0,2,0,0,1,0,1,0,1,0,2,0,1,0,-0.405748232
0,1,1,0,1,2,0,1,0,0,0,1,0,1,1,-0.226183094
1,1,1,0,0,0,1,1,0,1,0,2,1,0,0,-0.311729647
1,1,0,0,1,2,0,1,0,0,0,3,0,0,0,-0.327960525
2,0,1,0,0,0,1,2,0,0,0,1,0,2,0,-0.385961168
1,0,1,0,1,1,2,0,0,0,0,1,0,1,1,-0.384210334
2,0,1,0,0,1,1,1,0,0,0,1,0,2,0,-0.38179672
1,2,0,0,0,1,0,2,0,0,0,1,1,1,0,-0.122996739
0,1,2,0,0,1,1,0,0,1,0,0,1,1,1,-0.306314463
1,0,2,0,0,1,1,1,0,0,1,0,1,0,1,-0.422218742
1,1,1,0,0,1,1,0,1,0,0,1,2,0,0,-0.293029724
1,1,1,0,0,0,1,0,1,1,0,1,0,1,1,-0.281163918
0,2,1,0,0,2,0,0,0,1,1,1,0,1,0,-0.143217315
2,0,0,0,1,0,0,2,1,0,1,0,1,0,1,-0.390208334
0,0,2,0,1,1,1,1,0,0,0,0,0,1,2,-0.370420916
0,0,2,1,0,0,2,1,0,0,0,0,1,1,1,-0.48169323
0,1,0,1,1,1,0,2,0,0,1,0,1,1,0,-0.202775455
3,0,0,0,0,0,0,0,1,2,1,1,1,0,0,-0.32459131
0,1,0,1,1,3,0,0,0,0,1,1,0,1,0,-0.168898014
0,0,0,1,2,0,1,0,1,1,1,2,0,0,0,-0.367212164
1,1,0,0,1,1,0,0,0,2,0,2,1,0,0,-0.303813293
1,0,0,2,0,1,1,0,0,1,1,1,0,1,0,-0.471735361
1,1,0,0,1,1,0,0,1,1,1,1,0,1,0,-0.260094065
1,0,0,1,1,1,1,0,0,1,0,3,0,0,0,-0.396965833
1,0,0,0,2,1,0,0,2,0,2,1,0,0,0,-0.339213364
1,0,0,1,1,1,0,0,1,1,2,0,1,0,0,-0.293167517
1,1,0,0,1,1,0,2,0,0,1,1,0,1,0,-0.239666725
1,0,0,1,1,0,1,1,0,1,1,1,0,0,1,-0.391123097
1,1,0,0,1,0,0,1,0,2,1,2,0,0,0,-0.320889512
1,0,2,0,0,0,0,0,1,2,2,0,1,0,0,-0.367534032
1,0,1,0,1,1,0,0,1,1,3,0,0,0,0,-0.306966444
0,1,1,0,1,1,0,1,0,1,0,1,1,1,0,-0.213685731
1,0,1,1,0,1,1,0,0,1,2,0,0,1,0,-0.451888719
0,0,1,0,2,1,0,1,1,0,1,0,1,0,1,-0.29922948
0,0,0,1,2,1,1,0,0,1,1,1,0,0,1,-0.36561489
0,2,0,0,1,0,0,0,1,2,0,1,0,1,1,-0.204475287
1,0,0,1,1,1,1,0,0,1,1,0,0,2,0,-0.313046719
1,1,0,0,1,1,1,0,0,1,1,1,0,1,0,-0.296133665
1,1,0,1,0,1,0,0,0,2,0,0,1,2,0,-0.215953248
1,0,0,0,2,1,1,0,0,1,1,0,0,1,1,-0.336910105
3,0,0,0,0,0,2,0,0,1,0,0,1,2,0,-0.347497599
1,1,0,0,1,1,1,0,1,0,1,1,1,0,0,-0.31964906
0,0,0,1,2,3,0,0,0,0,2,0,1,0,0,-0.321366367
0,0,1,1,1,2,0,1,0,0,0,0,0,1,2,-0.390818154
1,0,1,1,0,1,0,1,0,1,1,0,0,0,2,-0.447079695
0,0,3,0,0,1,0,0,2,0,1,1,0,1,0,-0.47209252
0,0,1,1,1,0,0,1,1,1,1,0,1,1,0,-0.357368857
0,0,1,1,1,1,0,1,1,0,0,0,0,3,0,-0.349666919
1,0,0,0,2,0,0,3,0,0,0,0,1,1,1,-0.341189312
1,0,1,0,1,0,0,1,1,1,0,1,1,0,1,-0.384030662
1,0,0,2,0,1,0,0,0,2,0,0,0,1,2,-0.490024449
2,0,1,0,0,0,0,1,1,1,0,1,0,1,1,-0.443280138
0,0,2,1,0,0,0,1,1,1,1,1,0,0,1,-0.490467795
0,0,1,1,1,0,0,1,2,0,2,0,1,0,0,-0.361480596
0,0,0,3,0,1,0,1,0,1,1,2,0,0,0,-0.581883881
1,0,1,1,0,0,0,1,1,1,0,1,0,0,2,-0.451088377
1,0,1,0,1,0,0,2,1,0,1,0,1,0,1,-0.385637805
1,0,0,2,0,0,0,2,1,0,0,1,2,0,0,-0.507201785
0,0,1,2,0,1,0,1,1,0,0,1,1,0,1,-0.528954821
0,0,1,1,1,1,0,0,2,0,1,0,0,0,2,-0.381313828
0,0,2,1,0,0,0,0,3,0,0,0,1,0,2,-0.47982628
0,1,1,1,0,1,0,1,0,1,0,1,0,0,2,-0.464901535
0,1,1,0,1,0,1,1,1,0,1,0,0,1,1,-0.360871977
1,0,1,0,1,0,1,2,0,0,1,1,0,0,1,-0.532898038
0,0,2,0,1,0,0,1,1,1,1,0,1,0,1,-0.526199233
1,2,0,0,0,0,0,2,0,1,0,0,0,1,2,-0.305479313
0,0,1,1,1,1,2,0,0,0,0,2,0,0,1,-0.566072109
1,0,1,0,1,0,1,1,0,1,0,1,1,0,1,-0.520509691
0,1,2,0,0,0,1,0,1,1,0,1,1,1,0,-0.419259653
0,1,0,1,1,1,0,1,0,1,0,0,0,0,3,-0.466377283
0,2,1,0,0,0,0,0,1,2,0,1,0,1,1,-0.133318158
0,2,0,1,0,0,0,1,0,2,1,0,1,0,1,-0.090350861
0,1,0,1,1,0,2,0,1,0,1,0,0,2,0,-0.150923321
0,0,1,2,0,0,1,0,0,2,0,0,0,2,1,-0.483184735
0,0,0,1,2,0,1,0,1,1,0,0,2,1,0,-0.273728194
0,0,1,0,2,0,1,0,1,1,0,1,1,1,0,-0.34285813
0,2,0,0,1,0,0,1,2,0,1,1,1,0,0,-0.148846085
0,1,0,0,2,0,2,0,0,1,1,0,1,1,0,-0.239819839
0,1,0,1,1,0,2,1,0,0,2,0,0,1,0,-0.232812797
0,1,1,0,1,0,0,2,0,1,0,1,0,1,1,-0.36627386
0,0,2,0,1,0,0,2,1,0,1,0,1,0,1,-0.430641676
0,1,2,0,0,0,0,0,1,2,0,0,0,1,2,-0.387106148
0,0,2,1,0,0,2,0,0,1,0,0,0,2,1,-0.627917867
0,1,1,1,0,0,1,1,0,1,1,0,1,1,0,-0.354526128
0,0,2,0,1,0,1,1,1,0,1,0,0,0,2,-0.450932271
0,0,0,1,2,0,1,2,0,0,0,1,1,0,1,-0.472363004
0,1,2,0,0,0,1,2,0,0,2,0,0,1,0,-0.32151549
0,2,0,0,1,0,0,2,0,1,1,1,0,0,1,-0.328798448
0,0,2,0,1,1,1,0,0,1,0,2,0,1,0,-0.430019497
1,0,1,1,0,0,1,0,1,1,0,1,0,1,1,-0.514880647
1,0,1,0,1,0,0,1,1,1,1,2,0,0,0,-0.393587592
0,0,1,1,1,0,1,1,1,0,0,1,0,1,1,-0.397426072
0,0,1,2,0,0,0,2,0,1,1,0,1,0,1,-0.513876257
1,1,0,0,1,0,0,1,2,0,0,1,0,2,0,-0.247081603
0,1,1,1,0,1,0,1,0,1,0,0,1,2,0,-0.281167257
0,1,0,1,1,0,0,2,0,1,1,0,0,2,0,-0.207827786
0,0,2,0,1,1,0,1,1,0,0,2,1,0,0,-0.460305665
1,1,0,0,1,1,0,0,0,2,0,2,0,0,1,-0.256916355
1,1,1,0,0,0,1,0,0,2,0,1,1,0,1,-0.228371163
1,0,0,1,1,0,2,0,0,1,0,0,0,2,1,-0.318042358
0,1,1,1,0,1,1,0,0,1,1,1,0,1,0,-0.310948143
0,2,0,0,1,1,0,1,0,1,0,2,0,1,0,-0.129977519
1,0,1,0,1,1,0,0,1,1,1,1,1,0,0,-0.370727111
1,0,0,1,1,1,1,1,0,0,1,1,0,1,0,-0.410429034
1,0,0,0,2,0,1,1,1,0,0,0,1,2,0,-0.289399487
0,1,0,0,2,1,0,0,1,1,0,1,0,2,0,-0.229655445
2,0,1,0,0,0,2,0,0,1,1,0,1,1,0,-0.364878304
0,1,1,0,1,2,0,0,0,1,1,1,1,0,0,-0.235352596
0,2,0,0,1,2,0,0,0,1,0,3,0,0,0,-0.211484098
1,1,1,0,0,1,0,0,0,2,0,1,2,0,0,-0.245683437
2,0,0,0,1,2,1,0,0,0,0,1,0,2,0,-0.338801025
2,1,0,0,0,1,1,1,0,0,1,1,0,1,0,-0.247537509
1,0,0,0,2,2,1,0,0,0,0,2,0,1,0,-0.378880627
2,0,0,0,1,2,0,1,0,0,0,1,1,1,0,-0.352849127
2,1,0,0,0,0,1,1,0,1,0,2,1,0,0,-0.296424788
1,0,1,0,1,0,2,0,1,0,0,1,2,0,0,-0.403890396
0,0,0,2,1,0,1,2,0,0,0,0,2,0,1,-0.30621755
0,1,2,0,0,1,1,0,0,1,1,1,1,0,0,-0.266028146
1,1,0,0,1,0,0,0,2,1,0,2,0,1,0,-0.268845512
1,1,0,1,0,0,0,1,1,1,0,0,1,1,1,-0.234510634
0,2,0,1,0,0,0,1,1,1,1,1,0,0,1,-0.086635346
0,0,1,1,1,0,1,1,0,1,0,2,1,0,0,-0.43137325
0,0,1,1,1,1,0,1,0,1,0,1,1,1,0,-0.314134253
0,1,1,0,1,1,1,0,1,0,1,1,1,0,0,-0.23319108
1,0,0,0,2,1,0,0,1,1,1,1,1,0,0,-0.327293424
1,0,0,1,1,0,1,1,1,0,1,1,0,0,1,-0.37376248
0,1,1,1,0,1,0,0,0,2,1,0,2,0,0,-0.278367513
0,0,0,2,1,2,1,0,0,0,1,1,1,0,0,-0.343521824
0,0,1,0,2,0,0,0,2,1,0,1,1,0,1,-0.384971155
0,1,0,0,2,1,0,0,1,1,2,1,0,0,0,-0.272277955
1,0,1,1,0,0,1,0,0,2,0,0,2,0,1,-0.421080404
1,0,0,1,1,1,0,1,1,0,1,1,1,0,0,-0.364169873
2,1,0,0,0,0,0,1,0,2,2,0,1,0,0,-0.190981541
0,2,0,0,1,0,0,0,1,2,0,1,1,1,0,-0.15045736
0,1,1,0,1,0,1,0,2,0,1,1,1,0,0,-0.28197073
0,0,0,1,2,0,0,2,1,0,1,1,0,1,0,-0.308265774
0,0,2,1,0,0,2,0,0,1,1,0,1,1,0,-0.39787232
0,1,1,0,1,0,1,0,1,1,0,2,0,1,0,-0.309322005
0,0,1,0,2,0,1,1,0,1,1,1,1,0,0,-0.3424301
0,1,0,1,1,0,0,1,1,1,0,0,2,1,0,-0.185498971
0,1,0,2,0,0,0,1,0,2,0,0,0,3,0,-0.22503999
0,0,1,1,1,0,1,1,0,1,2,0,0,1,0,-0.341954648
0,1,2,0,0,0,1,0,2,0,1,1,1,0,0,-0.281874454
0,0,1,2,0,0,2,0,1,0,1,1,0,1,0,-0.564929708
0,2,0,1,0,0,0,1,1,1,0,2,0,0,1,0.000191208
0,1,0,2,0,0,0,0,2,1,0,2,1,0,0,-0.206316597
0,0,1,1,1,0,0,1,2,0,0,0,2,0,1,-0.380982127
0,0,1,2,0,0,1,1,1,0,0,1,1,1,0,-0.520550125
0,1,1,1,0,0,1,0,1,1,0,2,0,0,1,-0.239288438
0,0,0,2,1,0,1,2,0,0,0,0,0,1,2,-0.391709108
0,1,1,1,0,2,1,0,0,0,0,0,0,1,2,-0.334962768
0,2,1,0,0,0,1,1,1,0,0,0,0,2,1,-0.069617204
1,0,2,0,0,0,2,0,1,0,1,0,0,2,0,-0.424328268
0,2,0,1,0,1,2,0,0,0,1,0,0,1,1,-0.124271915
0,2,1,0,0,1,1,0,1,0,1,0,0,0,2,-0.132700694
2,1,0,0,0,0,2,1,0,0,3,0,0,0,0,-0.298343833
1,1,0,1,0,1,1,1,0,0,1,0,0,2,0,-0.258173657
1,2,0,0,0,1,0,2,0,0,1,0,0,0,2,-0.149380377
1,1,1,0,0,0,2,1,0,0,1,0,0,1,1,-0.319544704
0,0,1,0,2,0,0,0,2,1,1,0,0,0,2,-0.344102633
1,0,0,0,2,0,0,0,2,1,3,0,0,0,0,-0.337389436
1,0,1,1,0,0,0,0,1,2,1,0,1,0,1,-0.398299651
1,0,0,2,0,0,0,1,0,2,1,0,1,0,1,-0.443602875
0,0,0,1,2,0,0,0,2,1,1,0,1,0,1,-0.353124092
0,0,0,2,1,1,0,0,2,0,1,1,1,0,0,-0.41807641
0,0,0,2,1,1,0,1,1,0,1,1,0,0,1,-0.404292754
0,0,1,2,0,1,0,0,0,2,0,0,2,0,1,-0.485012979
0,0,0,2,1,0,0,1,2,0,0,1,0,0,2,-0.431244566
1,0,0,1,1,0,0,2,0,1,0,1,0,0,2,-0.41282583
0,1,0,1,1,2,0,1,0,0,1,0,0,0,2,-0.233840997
0,0,2,0,1,0,1,0,1,1,0,2,0,1,0,-0.39077228
2,0,1,0,0,0,0,2,0,1,1,1,0,0,1,-0.359090864
0,0,2,0,1,1,1,1,0,0,1,0,0,1,1,-0.329674081
0,1,1,0,1,1,0,1,0,1,0,1,0,0,2,-0.269014772
1,0,1,0,1,1,0,1,1,0,0,1,0,1,1,-0.396816912
1,0,1,1,0,0,1,1,0,1,2,1,0,0,0,-0.440217913
1,1,1,0,0,1,0,0,1,1,1,2,0,0,0,-0.289369907
0,0,1,2,0,0,0,1,1,1,3,0,0,0,0,-0.459365522
0,0,1,0,2,0,0,1,2,0,1,1,0,0,1,-0.391212593
0,0,1,2,0,0,0,1,1,1,1,1,0,0,1,-0.455537329
0,0,1,1,1,0,1,0,1,1,0,2,1,0,0,-0.422777309
0,1,0,1,1,0,0,1,2,0,1,0,1,0,1,-0.176895942
0,1,0,2,0,0,0,1,0,2,1,0,1,0,1,-0.234886661
0,0,1,2,0,0,1,0,2,0,1,1,0,0,1,-0.467240093
0,0,1,1,1,0,1,0,1,1,1,1,0,0,1,-0.429751922
0,1,0,1,1,0,0,1,2,0,0,0,0,0,3,-0.214785663
0,0,0,1,2,0,0,0,2,1,3,0,0,0,0,-0.31526747
0,0,0,0,3,0,0,1,1,1,1,1,1,0,0,-0.348220083
0,0,0,2,1,1,0,0,0,2,1,1,1,0,0,-0.405080255
0,0,1,1,1,1,0,0,2,0,2,0,0,0,1,-0.395787486
0,0,1,1,1,0,0,0,2,1,1,0,1,0,1,-0.37981938
1,0,0,0,2,0,0,1,1,1,3,0,0,0,0,-0.2864296
1,0,0,2,0,0,0,0,0,3,2,0,1,0,0,-0.431384557
0,0,0,2,1,1,0,1,0,1,1,1,0,0,1,-0.388571921
1,0,1,0,1,0,0,0,1,2,1,0,2,0,0,-0.310534384
0,1,1,0,1,1,0,0,1,1,1,0,1,0,1,-0.279240092
1,0,0,1,1,1,2,0,0,0,2,0,0,0,1,-0.397349089
0,2,0,1,0,2,0,0,0,1,1,1,0,0,1,-0.226413336
2,0,0,0,1,0,1,1,0,1,2,0,0,1,0,-0.347793668
0,1,0,1,1,1,1,0,0,1,0,0,0,1,2,-0.297896986
0,1,1,0,1,0,2,0,1,0,0,0,2,0,1,-0.273293303
1,1,0,0,1,1,1,1,0,0,1,1,1,0,0,-0.281445833
1,2,0,0,0,0,1,1,0,1,0,1,1,1,0,-0.120698008
1,1,1,0,0,0,1,0,1,1,2,0,1,0,0,-0.234806518
0,0,2,0,1,0,2,1,0,0,0,1,0,2,0,-0.366726951
0,0,1,0,2,0,2,1,0,0,1,0,0,1,1,-0.352897199
0,2,1,0,0,0,1,0,0,2,1,0,1,0,1,-0.124089191
0,1,1,0,1,0,0,2,0,1,1,0,0,1,1,-0.215915369
0,2,0,0,1,0,1,1,0,1,2,1,0,0,0,-0.177725349
0,1,0,0,2,0,0,2,0,1,2,0,1,0,0,-0.249298339
0,1,1,0,1,0,0,1,0,2,1,1,1,0,0,-0.248559026
0,2,1,0,0,0,1,1,0,1,1,0,1,1,0,-0.092647128
0,0,2,0,1,0,2,0,0,1,0,0,2,1,0,-0.400378633
0,0,1,0,2,0,0,1,2,0,0,1,0,0,2,-0.38545275
1,0,1,1,0,0,0,1,1,1,1,2,0,0,0,-0.397007839
2,0,1,0,0,0,0,1,0,2,2,0,0,1,0,-0.430964695
0,0,3,0,0,1,0,0,1,1,1,0,0,1,1,-0.455653714
1,0,1,0,1,1,0,1,1,0,1,0,0,1,1,-0.404475617
1,0,0,1,1,1,0,0,1,1,1,1,0,0,1,-0.41085435
0,0,1,2,0,2,0,1,0,0,0,1,0,2,0,-0.511029079
1,0,0,1,1,0,0,3,0,0,0,1,0,2,0,-0.406704085
0,0,1,1,1,1,0,1,0,1,0,0,0,2,1,-0.338769739
1,0,1,1,0,1,0,1,1,0,0,1,2,0,0,-0.442564708
1,0,1,1,0,0,0,0,1,2,1,1,0,0,1,-0.436992147
0,0,1,2,0,0,0,1,1,1,1,0,2,0,0,-0.522467038
0,0,0,1,2,1,0,1,1,0,0,1,1,0,1,-0.342432
1,0,0,1,1,1,0,0,2,0,0,1,2,0,0,-0.411542426
0,0,1,1,1,2,0,0,0,1,0,3,0,0,0,-0.414554626
2,0,0,0,1,0,0,1,2,0,0,0,1,0,2,-0.356146074
1,0,0,2,0,0,0,2,0,1,1,1,0,0,1,-0.457399066
0,0,2,0,1,1,0,0,1,1,0,1,1,0,1,-0.358427751
0,1,1,0,1,0,0,1,1,1,0,1,2,0,0,-0.221375407
0,2,1,0,0,0,0,1,0,2,1,0,1,0,1,-0.022516022
0,1,0,0,2,1,0,2,0,0,0,1,1,0,1,-0.268948198
1,0,2,0,0,0,1,0,1,1,2,0,1,0,0,-0.358490021
1,1,0,0,1,0,1,1,0,1,2,1,0,0,0,-0.255007377
0,0,1,0,2,1,0,0,1,1,2,0,1,0,0,-0.327069326
0,0,1,1,1,1,1,0,0,1,2,0,0,0,1,-0.398045367
1,0,0,1,1,0,2,1,0,0,1,2,0,0,0,-0.410810517
0,1,0,1,1,0,1,0,0,2,2,1,0,0,0,-0.263007537
0,0,1,1,1,0,1,1,0,1,0,2,0,0,1,-0.407741449
0,1,2,0,0,1,0,0,0,2,2,1,0,0,0,-0.25581116
0,1,1,0,1,1,0,1,1,0,1,1,0,1,0,-0.176737713
0,0,1,1,1,0,1,0,1,1,1,1,0,0,1,-0.406732708
0,1,0,1,1,1,0,2,0,0,1,2,0,0,0,-0.257864654
0,0,1,2,0,0,1,2,0,0,0,3,0,0,0,-0.574457797
1,0,2,0,0,0,0,1,1,1,1,1,0,1,0,-0.399949452
1,0,0,0,2,0,0,1,2,0,1,0,0,1,1,-0.318964595
1,0,1,1,0,0,0,1,1,1,2,1,0,0,0,-0.425744096
2,0,1,0,0,0,1,0,1,1,1,0,2,0,0,-0.419773704
0,1,1,0,1,1,2,0,0,0,0,0,1,0,2,-0.285305592
0,1,0,1,1,0,2,0,1,0,0,0,1,1,1,-0.265107151
1,2,0,0,0,1,0,0,1,1,1,0,0,0,2,-0.189866747
1,0,0,1,1,0,1,1,1,0,0,0,2,1,0,-0.342209943
0,1,1,1,0,1,2,0,0,0,0,0,1,1,1,-0.324801427
1,0,0,2,0,0,1,1,0,1,0,0,2,0,1,-0.513769465
1,2,0,0,0,1,0,0,2,0,1,0,0,2,0,-0.049922139
0,2,0,1,0,2,0,1,0,0,0,0,0,1,2,-0.09903644
0,1,0,0,2,2,0,0,1,0,0,1,0,2,0,-0.247803515
0,0,1,1,1,2,1,0,0,0,0,1,0,1,1,-0.388113251
1,0,1,0,1,0,1,1,1,0,0,1,1,0,1,-0.398391381
1,0,2,0,0,0,1,0,0,2,0,2,1,0,0,-0.488675914
2,1,0,0,0,1,0,1,0,1,0,3,0,0,0,-0.330467536
2,0,0,0,1,1,0,1,0,1,0,2,0,1,0,-0.403807516
2,0,0,1,0,1,0,2,0,0,0,1,0,1,1,-0.440654065
0,1,1,1,0,2,0,0,0,1,0,1,0,2,0,-0.254840301
1,0,1,0,1,0,0,1,1,1,0,0,1,2,0,-0.328863653
0,1,1,1,0,1,0,1,0,1,0,1,1,0,1,-0.36194813
0,0,2,0,1,1,0,1,1,0,1,0,1,1,0,-0.402502703
1,0,1,0,1,1,0,1,0,1,3,0,0,0,0,-0.362673148
1,1,0,0,1,1,0,1,1,0,1,1,0,1,0,-0.233971888
1,1,0,0,1,0,0,2,0,1,1,0,0,1,1,-0.245362102
1,0,1,0,1,0,1,1,1,0,0,0,0,3,0,-0.339543517
1,0,1,1,0,0,0,2,0,1,1,0,1,1,0,-0.403371746
0,0,2,0,1,1,1,0,0,1,1,0,0,1,1,-0.415476695
1,0,1,1,0,1,1,0,0,1,1,1,0,1,0,-0.444555844
0,0,0,2,1,0,1,1,0,1,1,1,1,0,0,-0.398858935
0,0,0,1,2,0,1,1,1,0,0,1,1,0,1,-0.386332887
1,1,0,0,1,0,0,0,2,1,2,0,0,0,1,-0.25125369
0,2,0,1,0,0,0,1,0,2,0,0,2,0,1,-0.120201591
1,1,0,0,1,0,0,0,1,2,1,0,2,0,0,-0.244441648
0,1,1,0,1,1,1,0,0,1,0,0,3,0,0,-0.217438226
1,0,0,1,1,0,2,0,1,0,1,1,1,0,0,-0.406683891
0,1,1,1,0,1,1,0,0,1,2,0,1,0,0,-0.243527878
1,0,1,1,0,1,1,0,0,1,1,0,1,1,0,-0.415617229
0,1,1,1,0,1,0,0,1,1,1,0,1,1,0,-0.238606037
1,1,0,0,1,0,0,0,2,1,0,1,1,0,1,-0.246274812
1,0,0,1,1,0,1,1,1,0,0,2,0,1,0,-0.410725479
0,0,0,2,1,1,0,1,1,0,0,2,0,1,0,-0.363192169
0,0,1,0,2,2,0,0,1,0,0,0,0,2,1,-0.269496804
1,0,0,1,1,1,0,0,1,1,0,1,1,0,1,-0.382794365
0,1,0,2,0,0,0,1,0,2,1,2,0,0,0,-0.271381734
0,1,1,0,1,1,1,0,1,0,2,0,0,0,1,-0.268630924
1,1,0,1,0,0,1,2,0,0,1,1,1,0,0,-0.273265829
1,1,1,0,0,0,1,1,0,1,2,0,0,1,0,-0.18231322
0,0,2,1,0,0,3,0,0,0,0,1,0,1,1,-0.541953475
0,1,2,0,0,0,1,1,0,1,0,1,1,1,0,-0.290252871
1,0,1,0,1,0,0,2,1,0,1,0,2,0,0,-0.358742072
0,1,1,0,1,0,1,1,1,0,1,1,1,0,0,-0.263396891
0,1,1,1,0,1,1,1,0,0,0,1,1,0,1,-0.302179283
0,3,0,0,0,1,0,1,0,1,2,1,0,0,0,0.028009358
0,0,1,2,0,1,0,1,0,1,0,0,0,3,0,-0.550640506
1,0,0,0,2,0,0,1,2,0,0,2,1,0,0,-0.402994024
0,0,0,1,2,0,0,2,0,1,0,1,1,1,0,-0.329031132
2,0,0,1,0,0,0,0,1,2,1,1,0,1,0,-0.43196868
1,0,1,0,1,1,0,0,1,1,1,0,1,1,0,-0.375384298
0,0,2,0,1,2,0,0,1,0,0,0,1,1,1,-0.338187563
1,0,1,0,1,1,0,0,0,2,1,0,1,0,1,-0.42008623
1,0,0,1,1,0,0,1,1,1,0,1,0,1,1,-0.395465892
1,1,1,0,0,1,0,1,1,0,0,1,1,0,1,-0.298510723
0,1,1,1,0,0,2,1,0,0,0,0,1,2,0,-0.23757491
3,0,0,0,0,0,1,1,1,0,0,2,0,0,1,-0.428283287
1,1,1,0,0,1,1,1,0,0,0,2,0,1,0,-0.317260308
1,2,0,0,0,1,1,1,0,0,0,1,1,1,0,-0.122802541
0,2,1,0,0,3,0,0,0,0,0,1,1,0,1,-0.136575156
1,0,1,1,0,1,2,0,0,0,0,1,0,1,1,-0.485318814
1,1,1,0,0,1,1,0,1,0,0,1,0,1,1,-0.330603629
1,1,0,1,0,1,1,1,0,0,0,0,2,0,1,-0.28311726
1,1,1,0,0,0,1,1,0,1,1,1,1,0,0,-0.243185078
0,0,2,0,1,2,1,0,0,0,0,2,1,0,0,-0.404362526
2,1,0,0,0,0,1,0,0,2,1,1,0,1,0,-0.2503874
0,1,1,0,1,1,0,0,0,2,0,1,0,2,0,-0.185028885
1,0,1,0,1,1,0,1,0,1,1,0,1,1,0,-0.344086752
0,2,0,0,1,1,0,1,0,1,0,2,0,0,1,-0.207222303
0,1,0,0,2,0,0,2,0,1,1,0,0,1,1,-0.231267441
1,0,0,0,2,1,1,1,0,0,1,1,0,0,1,-0.382184532
1,0,1,0,1,0,2,0,0,1,1,1,0,1,0,-0.382124794
0,0,1,2,0,1,1,0,0,1,1,0,2,0,0,-0.475734186
1,1,0,1,0,0,0,0,2,1,1,0,0,0,2,-0.256397404
0,2,1,0,0,1,1,0,1,0,1,1,1,0,0,-0.16312671
0,1,0,2,0,0,1,1,0,1,0,0,2,0,1,-0.277632747
1,1,0,0,1,0,2,0,1,0,1,0,1,0,1,-0.233691739
0,1,1,0,1,1,1,0,1,0,0,1,1,0,1,-0.203080584
0,0,0,2,1,0,2,1,0,0,1,0,2,0,0,-0.384945102
0,2,0,1,0,0,0,1,2,0,1,1,0,0,1,-0.113533109
1,1,0,1,0,0,1,0,2,0,3,0,0,0,0,-0.225851186
0,0,1,0,2,1,1,0,1,0,1,1,0,0,1,-0.475315846
0,2,0,0,1,1,0,0,0,2,0,0,1,0,2,-0.306868353
0,1,0,1,1,0,0,0,1,2,0,0,1,1,1,-0.34630761
1,1,0,1,0,0,1,0,1,1,1,0,0,1,1,-0.340905655
1,1,1,0,0,0,1,0,1,1,1,0,1,0,1,-0.370463089
1,0,0,0,2,0,0,1,2,0,2,0,1,0,0,-0.440601476
0,0,0,1,2,1,1,1,0,0,1,1,1,0,0,-0.491170926
0,0,1,2,0,0,2,0,0,1,0,1,1,1,0,-0.690162509
0,2,0,1,0,0,1,1,0,1,0,1,1,1,0,-0.092473025
1,1,1,0,0,1,0,0,1,1,0,0,3,0,0,-0.242862712
2,0,0,1,0,0,2,0,1,0,0,0,1,1,1,-0.382246538
0,2,0,1,0,1,1,1,0,0,0,1,0,1,1,-0.091513287
1,2,0,0,0,1,1,0,0,1,1,1,1,0,0,-0.221686911
0,0,1,2,0,1,2,0,0,0,0,0,1,2,0,-0.553559804
1,0,0,1,1,0,2,0,1,0,1,0,0,2,0,-0.376784208
0,1,1,0,1,2,0,0,1,0,1,0,1,1,0,-0.158960395
0,2,0,0,1,1,0,2,0,0,0,2,1,0,0,-0.149126583
1,1,1,0,0,1,1,0,0,1,1,1,1,0,0,-0.215046193
1,1,0,0,1,0,0,1,1,1,0,1,1,0,1,-0.235152513
2,0,0,0,1,0,1,1,1,0,0,0,3,0,0,-0.315780548
1,0,2,0,0,1,0,0,1,1,0,1,1,1,0,-0.330521087
0,1,1,1,0,0,1,1,0,1,0,1,0,1,1,-0.329474419
0,0,1,1,1,1,1,1,0,0,0,1,1,1,0,-0.371808931
0,1,1,0,1,2,0,0,0,1,1,2,0,0,0,-0.215040543
1,0,0,1,1,0,2,0,0,1,1,0,1,0,1,-0.35745449
0,0,0,2,1,0,1,0,2,0,1,0,0,0,2,-0.34510906
0,1,0,2,0,1,1,0,1,0,0,2,1,0,0,-0.263557486
1,0,0,2,0,0,1,0,2,0,2,1,0,0,0,-0.505282841
1,1,0,1,0,0,0,0,2,1,1,1,1,0,0,-0.332957947
0,1,0,2,0,0,1,0,1,1,0,0,2,0,1,-0.252155196
0,1,0,1,1,1,0,0,2,0,0,2,0,0,1,-0.262123193
0,2,0,1,0,1,0,0,1,1,1,0,1,0,1,-0.022175818
0,0,0,3,0,0,2,0,1,0,1,1,1,0,0,-0.583404264
1,1,1,0,0,1,1,0,0,1,1,1,0,1,0,-0.306906916
1,2,0,0,0,0,0,1,0,2,0,2,0,1,0,-0.225982253
0,2,0,0,1,0,1,2,0,0,1,1,0,1,0,-0.155695593
0,1,1,0,1,1,1,1,0,0,0,0,1,2,0,-0.179860747
0,1,2,0,0,2,0,0,0,1,0,1,2,0,0,-0.284583746
1,1,1,0,0,1,2,0,0,0,0,0,1,2,0,-0.23940227
0,0,1,0,2,1,1,1,0,0,2,0,1,0,0,-0.301838964
2,0,0,0,1,0,2,0,0,1,1,0,0,2,0,-0.365359013
1,1,0,0,1,0,1,1,0,1,1,1,1,0,0,-0.273528875
1,0,1,1,0,0,1,0,1,1,1,0,1,1,0,-0.407340877
1,0,0,0,2,0,0,1,2,0,1,1,1,0,0,-0.374311274
0,0,1,0,2,1,1,0,1,0,0,0,1,0,2,-0.358454522
0,1,0,1,1,1,0,0,0,2,1,0,0,1,1,-0.257359078
0,0,1,2,0,0,1,0,1,1,0,0,0,2,1,-0.536811471
1,1,0,1,0,0,0,0,2,1,2,0,0,1,0,-0.195078289
0,1,0,1,1,0,0,0,1,2,0,1,0,1,1,-0.200631204
1,1,1,0,0,1,1,1,0,0,0,1,0,2,0,-0.257023801
0,3,0,0,0,0,1,2,0,0,0,0,0,1,2,-0.072143894
1,2,0,0,0,1,1,1,0,0,0,0,0,1,2,-0.192975132
3,0,0,0,0,0,3,0,0,0,1,0,0,2,0,-0.413316224
1,1,1,0,0,1,2,0,0,0,1,0,0,0,2,-0.305767511
1,1,1,0,0,1,1,1,0,0,0,1,0,1,1,-0.28394398
1,1,1,0,0,1,2,0,0,0,1,0,1,1,0,-0.220288683
1,2,0,0,0,1,1,1,0,0,0,0,1,1,1,-0.091573318
0,1,2,0,0,3,0,0,0,0,0,1,1,0,1,-0.305751735
0,0,0,2,1,1,2,0,0,0,1,0,0,1,1,-0.381013203
1,2,0,0,0,1,0,1,0,1,0,3,0,0,0,-0.245012806
1,0,1,1,0,0,1,0,0,2,0,1,1,0,1,-0.490800744
0,1,0,0,2,1,1,0,1,0,1,1,0,1,0,-0.263776367
1,1,0,1,0,1,0,1,1,0,0,1,0,2,0,-0.279007503
1,0,1,0,1,0,0,0,2,1,0,0,1,2,0,-0.357191511
2,0,0,0,1,0,1,0,1,1,0,1,0,1,1,-0.430318901
0,1,1,1,0,2,0,0,0,1,1,1,0,1,0,-0.257411196
0,1,0,1,1,0,1,1,1,0,0,1,1,1,0,-0.145044827
0,1,0,0,2,2,0,0,0,1,1,1,0,0,1,-0.254234974
2,0,0,0,1,0,1,0,2,0,0,1,1,1,0,-0.327741269
1,1,0,1,0,1,0,0,1,1,1,0,0,2,0,-0.262202637
0,1,0,2,0,0,1,0,0,2,0,0,1,2,0,-0.207028862
1,1,0,0,1,0,1,0,1,1,1,1,1,0,0,-0.263356705
0,1,0,1,1,1,0,0,1,1,0,1,1,1,0,-0.205018687
0,1,0,0,2,1,1,0,1,0,0,2,0,1,0,-0.311666911
0,1,0,2,0,0,0,0,1,2,1,0,0,1,1,-0.267141307
0,1,0,2,0,1,0,0,1,1,1,1,0,1,0,-0.303629818
0,1,1,0,1,0,1,0,2,0,0,2,0,0,1,-0.309123581
1,0,0,1,1,0,1,1,0,1,0,0,2,1,0,-0.311267478
1,0,0,1,1,0,2,0,0,1,0,0,1,1,1,-0.371562542
0,0,1,2,0,1,0,0,1,1,1,1,1,0,0,-0.480630618
0,2,0,0,1,0,0,1,2,0,0,2,0,1,0,-0.138250034
0,0,0,1,2,1,1,1,0,0,0,2,1,0,0,-0.40082164
1,1,1,0,0,0,1,0,2,0,0,1,1,1,0,-0.190725777
0,3,0,0,0,0,0,1,1,1,0,0,1,0,2,-2.69E-05
1,1,0,0,1,0,1,0,2,0,1,0,0,0,2,-0.312169834
0,1,0,2,0,0,1,1,1,0,0,0,2,0,1,-0.287415076
0,1,1,1,0,1,1,0,1,0,1,0,2,0,0,-0.283971063
0,1,1,1,0,1,1,0,0,1,2,0,1,0,0,-0.271151609
1,0,0,2,0,0,3,0,0,0,2,0,1,0,0,-0.53769739
1,1,0,1,0,0,1,0,1,1,1,0,0,0,2,-0.289417599
0,0,1,1,1,1,0,0,2,0,1,0,1,0,1,-0.413093953
0,1,0,1,1,0,1,1,1,0,1,0,1,0,1,-0.247872138
1,0,0,1,1,1,0,1,1,0,1,2,0,0,0,-0.394103785
2,0,1,0,0,0,0,0,3,0,1,1,1,0,0,-0.384199059
1,0,0,2,0,1,0,0,1,1,0,1,2,0,0,-0.478302502
0,0,0,3,0,1,0,0,1,1,0,3,0,0,0,-0.557405308
0,0,1,2,0,2,0,0,1,0,2,1,0,0,0,-0.445108506
2,0,0,1,0,1,0,0,1,1,0,2,1,0,0,-0.414184884
1,0,1,1,0,1,0,0,2,0,1,2,0,0,0,-0.426526356
0,1,1,1,0,1,0,0,2,0,0,0,0,2,1,-0.33491986
1,0,0,2,0,1,1,0,0,1,1,1,0,0,1,-0.422543495
0,2,0,1,0,1,0,0,2,0,0,1,1,0,1,-0.112127775
0,0,0,2,1,2,1,0,0,0,0,0,1,0,2,-0.42050824
1,0,1,0,1,0,2,0,1,0,0,0,1,1,1,-0.416496516
0,1,1,1,0,0,0,0,2,1,0,1,1,1,0,-0.316347943
